项目名称,赛道,融资轮次,融资金额,投资方,核心技术,估值区间（亿元）,成立时间,总部城市,技术壁垒评分,投资建议
开物纪,AI+材料,天使+轮,数亿元,Monolith领投,光合创投,集富亚洲,IDG,蓝驰创投,高瓴创投,百度风投跟投及老股东加注,材料大模型,Prophet预测+Creator生成双引擎,自动化实验平台,15-20,2024,北京,9.2,S级-强烈推荐
材科源图,AI+材料,天使+轮,数千万元,永鑫方舟领投,清新资本跟投,材料数据库,高通量实验平台,3-5,2024,北京,8.2,A级-推荐
塑新科技,AI+合成生物,Pre-A+轮,数千万元,拙朴投资独家投资,AI加速酶进化,PET/PU生物降解酶,5-8,2024,南京,8.5,S级-推荐
深度原理,AI+材料,A轮,超亿元,戈壁创投,AI材料发现平台,分子动力学模拟,8-12,2024,北京,8.0,A级-推荐
戴纳科技,AI+科研基础设施,C+轮,近亿元,北京市新材料产业基金,丰台区产业基金,全无人"黑灯实验室",10-15,2011,北京,8.3,A级-推荐
深势科技,AI for Science基础设施,C轮,超8亿元,达晨,京国瑞,北京AI产业基金,联想创投,元禾璞华,深度势能分子模拟,玻尔科学导航,80-100,2018,北京,8.9,S级-强烈推荐
晶泰科技,AI+药物/材料,战略融资,未披露,晶科能源战略合作,AI药物发现,材料计算,150+,2015,深圳,8.8,S级-强烈推荐
诺瓦聚变,AI+能源,天使+轮,12亿元（累计）,阿里巴巴,美团龙珠,君联资本,高榕创投,华控基金,明势创投,云启创投,FRC场反位形模块化聚变,"Fusion for AI",60-80,2025,北京,9.0,S级-强烈推荐
星环聚能,AI+能源,A轮,10亿元,多家国资+产业资本,磁约束核聚变,托卡马克技术,50-70,2021,合肥,8.6,S级-推荐
岩超聚能,AI+能源,天使+轮,亿元级,宏力达,鸿元投资等,仿星器路线核聚变,8-12,2025,成都,8.1,A级-推荐
超磁新能,AI+能源,天使轮,数亿元,未披露,高温超导磁体,磁约束技术,10-15,2025,上海,8.0,A级-推荐
力碁科技,AI+能源,A轮,17.65亿元,力暘能源100%持有,太阳能光电场EPC,智慧化管理,50,2016,新竹,7.8,B级-关注
穹顶医疗,AI+医疗,A+轮,近亿元,明熙资本领投,光谷产投跟投,顺为,华方,讯飞创投,元禾原点加注,时间干涉技术(TI),无创深部脑神经调控,8-12,2019,西安,8.3,A级-推荐
士泽生物,AI+生物,C1轮,累计4亿元,国新基金领投,余姚工投跟投,三生制药领投B轮,iPS细胞治疗,神经再生药物,30-40,2019,苏州,8.4,A级-推荐
安颂科技,AI+医疗,新一轮,近1.5亿元,亦庄国投,银河创新资本,赛盈资本,幂方健康基金,氧化锆陶瓷股骨头,骨科植入物,AI辅助设计,8-10,2017,北京,8.0,A级-推荐
纽瑞特医疗,AI+医疗,E轮,10亿元,上海科创集团领投,上海鑫锐等多家机构跟投,核医药,放射性同位素药物研发,50-60,2016,成都,7.9,B级-关注
鑫研微末,AI+生物,种子轮,未披露,院士团队领衔,冷冻电镜+AI环境原位动态监测,结构解析平台,3-5,2025,北京,8.2,A级-推荐
它石智航,具身智能,Pre-A轮,4.55亿美金,高瓴创投,红杉中国联合领投,美团龙珠,中金资本,凯联资本跟投,SenseHub可穿戴具身数据采集系统,AWE3.0全视角通感决策架构,200+,2024,北京,8.8,S级-强烈推荐
银河通用,具身智能,新一轮,25亿元,国家AI产业基金,中石化,中信集团,中国银行,上汽金控等,通用人形机器人,具身大模型,200+,2021,北京,8.7,S级-强烈推荐
逐际动力,具身智能,B轮,2亿美金,阿联酋磊石资本,东方富海,基石资本,京东,上汽,蔚来等,通用人形机器人,LimX COSA具身操作系统,100+,2022,深圳,8.6,S级-推荐
星海图,具身智能,B+轮,近20亿元,华登科技,蓝思科技,矽芯投资等产业资本,具身智能大脑,机器人视觉与操作,150+,2022,北京,8.5,S级-推荐
章鱼动力,具身智能,种子轮,约3.46亿元,地平线,高瓴创投,小米战投,顺为资本,线性资本联合投资,物理AI,机器人动态控制,15-20,2026,北京,8.4,A级-推荐
灵初智能,具身智能,天使+Pre-A,20亿元,多家头部机构,具身大脑,物流场景规模化应用,80-100,2025,上海,8.4,A级-推荐
动易科技,具身智能,天使++,超2亿元,海珠城发,广州产投,金沙江联合,达泰资本,复琢投资,AI Native机器人,强化学习运动控制,15-20,2024,广州,8.3,A级-推荐
瞬恒智能,具身智能,天使三轮连投,数亿元,英诺基金,中新具身,峰瑞资本,灵巧手操作,视触觉融合,工业精密操作,10-15,2025,北京,8.1,A级-推荐
星际光年,具身智能,Pre-A+,数千万元,力合创投,高脉联合家族办公室,灵巧手核心关节模组,软硬一体化,5-8,2024,香港,8.0,A级-推荐
元川微,AI芯片,天使轮,数亿元,峰瑞资本,曜腾投资,LPU架构AI实时推理芯片,硬数据流架构,15-20,2025,杭州,8.6,S级-强烈推荐
加特兰微电子,AI芯片,E轮,超10亿元,国家级产业基金,地方政府基金,产业资本,77GHz毫米波雷达芯片,超宽带(UWB)SoC,60-80,2019,上海,8.5,S级-推荐
洛微科技,AI芯片/激光雷达,战略融资,未披露,陕西光子强链基金,硅光子技术,FMCW激光雷达,20-30,2018,西安,8.2,A级-推荐
楚光三维,AI+精密测量,Pre-A+,数千万元,九派资本,光谱共聚焦,编码成像技术,微纳米级光学3D传感,5-8,2022,湖北,8.0,A级-推荐
创鑫智慧,AI芯片,C轮,6.35亿元,多家机构,AI推荐系统加速芯片RecAccel,30-40,2019,新竹,8.1,A级-推荐
意腾科技,AI应用,Pre-IPO,17亿元,多家机构,机器深度学习技术,声音影像医疗领域,60-80,2018,台湾,8.0,A级-推荐
因时机器人,具身智能,C1+C2轮,数亿元,中国移动链长基金,深创投联合领投,微型伺服电缸,仿人五指灵巧手,25-35,2016,深圳,8.3,A级-推荐
天大智图,AI+医疗,天使轮,数千万元,多家机构,"海河岐伯"大模型,中医药知识图谱,3-5,2023,天津,7.9,B级-关注
福宝科技,具身智能,战略融资,未披露,多家机构,外骨骼机器人技术,穿戴式医疗辅具,10-15,2016,新竹,7.8,B级-关注
阿米奥机器人,具身智能,天使轮,未披露,智谱DemoDay项目,工业柔性生产机器人解决方案,3-5,2024,北京,8.0,A级-推荐
寻象智能,具身智能,Pre-A,数亿元,未披露,工业场景应用,5-10,2024,上海,8.1,A级-推荐
智平方,具身智能,多轮融资,超10亿元,山东产投,上海临港基金,成都科学城创投等,具身智能全栈技术,50-60,2022,北京,8.3,A级-推荐
千寻智能,具身智能,近20亿元,多轮融资,重庆产业投资母基金,杭州金投等,具身智能运动控制,80-100,2021,北京,8.4,A级-推荐
至简动力,具身智能,多轮融资,累计20亿元,腾讯,阿里等,世界模型+VLA路线,60-80,2023,上海,8.5,A级-推荐
江行智能,AI+能源,B++轮,数亿元,宁德时代晨道资本,晶科能源,山东能源集团等,物理AI模型,能源管理优化,30-40,2018,南京,8.3,A级-推荐
松延动力,AI+能源,B轮,近10亿元,宁德时代晨道资本领投,新型电池材料,AI辅助材料设计,40-50,2020,福建,8.2,A级-推荐
知迪汽车,AI+汽车,多轮融资,未披露,多家产业资本,智能驾驶,新能源汽车技术,20-30,2021,上海,8.0,A级-推荐
宇树科技,具身智能,IPO筹备,Pre-IPO,多家机构,四足机器人,人形机器人,100+,2016,杭州,8.6,S级-推荐
智元机器人,具身智能,多轮融资,超50亿元,多家头部机构,通用人形机器人,具身AI,150+,2023,上海,8.7,S级-强烈推荐
云深处,具身智能,多轮融资,超20亿元,多家机构,四足机器人,工业巡检,50-60,2017,杭州,8.4,A级-推荐
众擎机器人,具身智能,多轮融资,超10亿元,多家机构,工业移动机器人,AMR,30-40,2019,北京,8.2,A级-推荐
擎朗智能,具身智能,多轮融资,超30亿元,软银,红杉等,服务机器人,酒店配送,80-100,2010,上海,8.3,A级-推荐
光轮智能,具身智能,B轮,超10亿元,多家机构,人形机器人运动控制,60-80,2021,北京,8.4,A级-推荐
自变量机器人,具身智能,多轮融资,超10亿元,字节跳动,阿里巴巴,美团联合投资,WALL-A具身大模型,家政服务机器人,40-50,2022,济南,8.5,S级-推荐
星动纪元,具身智能,战略轮,10亿元,吉利资本,阿里,联想,海尔,三星等16家产业方,工业人形机器人,60-80,2022,北京,8.5,S级-推荐
量旋科技,AI+量子计算,C+轮,近10亿元（累计）,基石资本,国泰君安创新投资,四川振兴集团,财通资本等,量子计算芯片,NMR量子计算机,60-80,2018,深圳,8.6,S级-推荐
