估值方法,悲观情景(亿人民币),中性情景(亿人民币),乐观情景(亿人民币),说明
DCF,1-2,3-5,8-12,基于10年现金流预测，WACC 15-20%
VC Method,2-4,4-8,8-15,基于预期退出估值30-50亿，IRR 40-60%
First Chicago,3-5,6-10,10-18,多情景概率加权（成功20%/中等50%/失败30%）
综合区间,2-4,4-8,8-15,三种方法加权平均
建议估值,,5-8,,基于和光智成技术壁垒和团队优势，中性偏乐观

驱动因子,权重,悲观调整,中性基准,乐观调整,敏感性
技术壁垒评分,30%,-30%,6亿,+30%,±1.8亿
团队完整度,20%,-30%,6亿,+30%,±1.2亿
商业化进度,35%,-30%,6亿,+30%,±2.1亿
市场规模,10%,-30%,6亿,+30%,±0.6亿
竞争格局,5%,-30%,6亿,+30%,±0.3亿

融资建议参数,数值,说明
投前估值,4-6亿,基于中性偏乐观情景
融资额,5000万-1亿,Pre-A轮典型规模
出让股权,10-15%,保持创始团队控制权
投后估值,5-8亿,投前+融资额
目标IRR,40-60%,早期VC要求回报率
预期退出,30-50亿,5-7年后IPO或并购
