公司名称,成立年份,融资/营收情况,专注领域,商业模式,ARR预估(万美元),2025年增长率
Citrine Informatics,2013,年收入1000-5000万美元,材料与化学品AI研发平台,咨询→SaaS平台转型,2000-4000,52%(2022Q1数据)
Schrödinger,1990,上市，市值约50亿,计算化学与药物发现,软件+自研管线双轮驱动,16000,28%(Q3同比)
Recursion Pharmaceuticals,2013,上市，Q1营收1500万,生物科技与AI药物研发,湿实验+AI闭环,6000,40%(预估)
Isomorphic Labs,2021,融资6亿美元,AI药物发现（AlphaFold）,技术授权+自研管线,500(预估),早期阶段
Periodic Labs,2024,融资2亿美元，估值10亿,AI材料科学平台,大模型+量子计算,200(预估),超早期
,,行业平均,,,,25-30%

AI4S六大商业模式对比,,,,,,
商业模式,核心价值,典型代表,毛利率区间,规模化难度,备注
数据销售,高质量专属数据集,Citrine早期,80-90%,低,最易启动
基础模型销售,垂直领域专用大模型,-,75-85%,中,需要强技术
SaaS平台,研发工作流软件即服务,Citrine后期,70-80%,中,主流路径
咨询服务,定制化解决方案,Palantir模式,50-60%,高,难以规模化
AI设计产品,自研材料/药物销售,Schrodinger,90%+,极高,回报最大
机器人实验室,自动化实验即服务,Radical AI,40-60%,极高,重资产

千万ARR成长路径里程碑,,,,,,
里程碑,时间周期,ARR区间,关键指标,核心任务
PMF验证,0-18个月,0-100万,3-5个付费客户，留存>80%,找到真实痛点
产品化,18-30个月,100-300万,NDR>110%,咨询经验产品化
规模化获客,30-48个月,300-1000万,客户数>20,建立可复制销售模式
平台生态,48个月+,1000万+,毛利率>70%,构建生态壁垒

AI4S公司关键KPI基准,,,,,,
指标名称,优秀值,警戒线,和光智成目标值
净收入留存率(NDR),>120%,<100%,>110%
客户获客成本回收期,<18个月,>30个月,<24个月
毛利率,>70%,<50%,>65%
研发投入占比,30-40%,<20%,35%
年收入增长率,>50%,<30%,>60%
大客户续约率,>95%,<85%,>90%

和光智成5项行动建议时间表,,,,,,
建议编号,建议内容,启动时间,完成时间,负责人
建议一,双轨收入策略,2026年Q2,2027年Q2,CEO
建议二,聚焦垂直行业,2026年Q2,2026年Q4,产品VP
建议三,构建数据飞轮,2026年Q3,2027年Q3,技术VP
建议四,战略生态合作,2026年Q2,2026年Q4,BD负责人
建议五,人才金字塔建设,2026年Q2,持续进行,HR负责人

AI4S市场规模预测,,,,,,
年份,全球市场规模(亿美元),美国市场规模(亿美元),中国市场规模预估(亿人民币),年增长率,备注
2024,11,,30,,基准年
2025,13.9,9.17,45,26%,快速增长
2026,17.5,,68,26%,政策驱动
2027,22,,100,26%,
2028,27.7,,145,26%,
2030,43.5,,250,25%,成熟期
